Workbook
Name FID_1: [1]AGR_Fuels!$A$2

Sheet SEC_Comm
B2: Define Commodities
B4: ~FI_Comm
B5: Csets | C5: CommName | D5: CommDesc | E5: Unit | F5: LimType | G5: CTSLvl | H5: PeakTS | I5: Ctype
B6: \I: Commodity Set | C6: Commodity Name | D6: Commodity Description | E6: Unit | F6: Sense of Balance Equation | G6: TimeSlice Level | H6: Peak Monitoring | I6: Electricity Indicator (for CHPs)
B7: NRG | C7: ELC_GRID_RES | D7: Electricity grid RES | E7: PJ | G7: DAYNITE
B8: NRG | C8: ELC_GRID | D8: Electricity grid non-RES | E8: PJ | G8: DAYNITE
B9: DEM | C9: ELC_FIN | D9: Electricity - Final Energy | E9: PJ | G9: DAYNITE
B10: DEM | C10: ELC_IND_FIN | D10: Electricity - Industry Final Energy | E10: PJ | F10: FX | G10: DAYNITE

Sheet SEC_Processes
B2: Define Processes
B4: ~FI_Process
B5: Sets | C5: Region | D5: TechName | E5: TechDesc | F5: Tact | G5: Tcap | H5: Tslvl | I5: PrimaryCG | J5: Vintage
B6: \I: Process Set | C6: Region Name | D6: Technology Name | E6: Technology Description | F6: Activity Unit | G6: Capacity Unit | H6: TimeSlice Level | I6: Primary Commodity Group | J6: Vintage Tracking
B7: DMD | C7: NL | D7: ELC_FIN_DEM | E7: Electricity - Final Energy Demand | F7: PJ | G7: PJa | H7: DAYNITE
B8: DMD | C8: NL | D8: ELC_IND_FIN_DEM | E8: Electricity - Industry Final Energy Demand | F8: PJ | G8: PJa | H8: DAYNITE

Sheet FINAL_DEMAD_PRC
B2: Final Energy Consumption Technologies
E4: ~FI_T
B5: TechName | C5: *TechDesc | D5: Comm-IN | E5: Comm-OUT | F5: EFF | G5: CAP2ACT
B6: \I: Technology Name | C6: Technology Description | D6: Commodity Input | E6: Commodity Output | F6: Efficiency | G6: Capacity to Activity Factor
B7: =SEC_Processes!D7 -> ELC_FIN_DEM | C7: =SEC_Processes!E7 -> Electricity - Final Energy Demand | D7: =SEC_Comm!C7 -> ELC_GRID_RES | F7: 1 | G7: 1
D8: =SEC_Comm!C8 -> ELC_GRID
E9: =SEC_Comm!C9 -> ELC_FIN
B10: =SEC_Processes!D8 -> ELC_IND_FIN_DEM | D10: ELC_IND_RES_SUM | F10: 1 | G10: 1
D11: =SEC_Comm!C8 -> ELC_GRID
E12: =SEC_Comm!C10 -> ELC_IND_FIN

Sheet DEMAND
B3: Demand
B5: ~FI_T:DEMAND
B6: CommName | C6: 2023 | D6: 2025 | E6: 2030 | F6: 2035 | G6: 2040 | H6: 2045 | I6: 2050
B7: \I: Commodity Name | C7: Annual Demand Value [PJ]
B8: ELC_FIN | C8: =0.8*C13*3.6 -> 315.0432 | D8: =0.8*D13*3.6 -> 353.6949 | E8: =0.8*E13*3.6 -> 452.16 | F8: =0.8*F13*3.6 -> 558.4274 | G8: =0.8*G13*3.6 -> 662.4 | H8: =0.8*H13*3.6 -> 763.15989 | I8: =0.8*I13*3.6 -> 865.52614 | L8: Source: | M8: Visualisation Platform | ENTSOs TYNDP 2024 Scenarios
B9: =SEC_Comm!C10 -> ELC_IND_FIN | C9: =0.2*C13*3.6 -> 78.7608 | D9: =0.2*D13*3.6 -> 88.423726 | E9: =0.2*E13*3.6 -> 113.04 | F9: =0.2*F13*3.6 -> 139.60685 | G9: =0.2*G13*3.6 -> 165.6 | H9: =0.2*H13*3.6 -> 190.78997 | I9: =0.2*I13*3.6 -> 216.38153
C11: Supportive calculations below:
C12: 2023 | D12: 2025 | E12: 2030 | F12: 2035 | G12: 2040 | H12: 2045 | I12: 2050
B13: TWh | C13: 109.39 | D13: =_xlfn.FORECAST.LINEAR(2025,{109.39;157;230}, {2023;2030;2040}) -> 122.81073 | E13: 157 | F13: =_xlfn.FORECAST.LINEAR(2035,{109.39;157;230}, {2023;2030;2040}) -> 193.8984 | G13: 230 | H13: =_xlfn.FORECAST.LINEAR(2045,{109.39;157;230}, {2023;2030;2040}) -> 264.98607 | I13: =_xlfn.FORECAST.LINEAR(2050,{109.39;157;230}, {2023;2030;2040}) -> 300.52991
C15: Legend:
D16: ENTSO data points
